rows	Aminoacyl_tRNA.biosynthesis	Arginine_and_proline.metabolism	Arginine.biosynthesis	Cyanoamino_acid.metabolism	Flavonoid.biosynthesis	GABAergic.synapse	Glycerolipid.metabolism	Glycosaminoglycan.degradation	Glyoxylate_and_dicarboxylate.metabolism	Lipoic_acid.metabolism	Neomycin_family.biosynthesis	Pathogenic.Escherichia_coli.infection
1	100	100	100	100	100	100	100	100	100	100	100	100
2	0	0	0	0	0	0	0	0	0	0	0	0
success	56.3794466403162	55.9100577332118	37.7693699621648	23.6409608091024	71.7525773195876	19.0966719492868	54.2412451361868	61.1499611499612	42.567504438008	63.963133640553	77.910447761194	73.6401673640167
failure	43.6205533596838	44.0899422667882	62.2306300378352	76.3590391908976	28.2474226804124	80.9033280507132	45.7587548638132	38.8500388500388	57.432495561992	36.036866359447	22.089552238806	26.3598326359833
