group	Arachidonic_acid.metabolism	Biosynthesis_of.siderophore_peptides	Carbapenem.biosynthesis	Carbon.fixation	Cationic.antimicrobial_peptide.resistance	Pathogenic.Escherichia_coli.infection	Penicillin.and_cephalosporin.biosynthesis	Phenazine.biosynthesis	Plant_pathogen.interaction	Salmonella.infection	Stilbenoid.diarylheptanoid.and_gingerol.biosynthesis	Tropane.piperidine.and_pyridine.alkaloid_biosynthesis
1	0	0	0	0	0	0	0	0	0	0	0	0
2	100	100	100	100	100	100	100	100	100	100	100	100
super	8.3969465648855	84.1168996188056	63.0434782608696	32.0345188284519	38.8982439259081	72.9957805907173	16.3358778625954	75.1524390243902	73.2798165137615	70.4192546583851	78.0141843971631	82.5278810408922
normal	91.6030534351145	15.8831003811944	36.9565217391304	67.9654811715481	61.1017560740919	27.0042194092827	83.6641221374046	24.8475609756098	26.7201834862385	29.5807453416149	21.9858156028369	17.4721189591078
